"Sample","FinalDepth","FinalDiversity","ExpectedFinalDiversity","FinalSlope","Asymptote","Cov"
"Flower_eDNA","1.443107","43","40.0478708871526","6.62414829224893","2686.48962790828","0.014907138"
"Bee_Bimpatiens_hv3_1","63.97375","96","89.0005711487319","0.075148385660571","90.7886290654378","0.980305266"
"Bee_Bimpatiens_hv4_1","58.988182","63","62.0632656621373","0.0514588201296779","62.930056425966","0.986226124"
"Bee_Bimpatiens_hv4_2","54.955553","87","85.5922090306935","0.0121676195952235","85.6933434984617","0.998819810"
"Bee_Amellifera_hv13_1","1.104861","39","36.940160933637","6.8863712199614","3765.87154930087","0.009809193"
"Bee_Amellifera_hv13_2","56.836899","144","146.682882511973","0.680290724795687","184.943162460441","0.793124117"
"Bee_Amellifera_hv15_1","63.159968","97","88.5349280197892","0.0245939496558299","88.8395511475383","0.996571087"
"Bee_Amellifera_wild_1","58.113227","179","175.891717493596","0.0757966568556664","176.837779027807","0.994650116"
