"Sample","FinalDepth","FinalDiversity","ExpectedFinalDiversity","FinalSlope","Asymptote","Cov"
"Flower_eDNA","0.88","43","40.0442784106636","10.8379691160734","3034.87569668821","0.013194701"
"Bee_Bimpatiens_hv3_1","53.6067142311651","96","91.0665583285923","0.209360027274498","102.814061259309","0.885740308"
"Bee_Bimpatiens_hv4_1","48.33074000605","63","62.9474633642988","0.107768758578884","66.45978466376","0.947151178"
"Bee_Bimpatiens_hv4_2","45.726179577278","87","85.6157285529624","0.0151917202127692","85.7214676213002","0.998766481"
"Bee_Amellifera_hv13_1","0.835126752986821","39","36.9163989685316","9.0431545443115","3915.66057009103","0.009427885"
"Bee_Amellifera_hv13_2","35.2695516801707","144","146.422708818643","0.997133790079413","173.033597437301","0.846209701"
"Bee_Amellifera_hv15_1","45.0502090795197","97","88.5314164694607","0.0344807627854041","88.8369039523578","0.996561255"
"Bee_Amellifera_wild_1","44.455945580336","179","176.054257338506","0.10378672769457","177.03488725215","0.994460810"
