"Sample","FinalDepth","FinalDiversity","ExpectedFinalDiversity","FinalSlope","Asymptote","Cov"
"Flower_eDNA","0.88","3732","3544.54211032037","60.4367046216332","3571.11375496569","0.9925593"
"Bee_Bimpatiens_hv3_1","53.61","6872","6769.79863056143","21.1587586139652","28111.7933863015","0.2408170"
"Bee_Bimpatiens_hv4_1","48.42","5427","5410.71347629485","19.6932208724802","7665.58073893309","0.7058452"
"Bee_Bimpatiens_hv4_2","45.8","7288","7259.55687161062","15.6308515713144","7873.6356378042","0.9220082"
"Bee_Amellifera_hv13_1","0.84","3341","3322.96626733994","909.438886682493","6975.55666824366","0.4763729"
"Bee_Amellifera_hv13_2","35.28","9289","9284.45008406377","38.684414953337","10641.2869647245","0.8724932"
"Bee_Amellifera_hv15_1","45.05","9046","9102.77693658288","43.8717341969821","10453.9758953416","0.8707478"
"Bee_Amellifera_wild_1","44.46","7216","7151.71885895596","21.4368234931834","14779.8900163997","0.4838817"
