"Sample","FinalDepth","FinalDiversity","ExpectedFinalDiversity","FinalSlope","Asymptote","Cov"
"Flower_eDNA","0.88","43","40.0442784106636","10.8379691160734","3034.87569668821","0.013194701"
"Bee_Bimpatiens_hv3_1","53.61","96","88.9999324944362","0.0896622974874089","90.7878890665469","0.980306222"
"Bee_Bimpatiens_hv4_1","48.42","63","62.0571062360493","0.0626308112348318","62.9238839972673","0.986224980"
"Bee_Bimpatiens_hv4_2","45.8","87","85.5921497557517","0.0146003529307803","85.6932995691997","0.998819630"
"Bee_Amellifera_hv13_1","0.84","39","36.9622130519938","9.04469084339406","4262.2099684035","0.008672077"
"Bee_Amellifera_hv13_2","35.28","144","146.685194054418","1.0958080167298","184.942444328561","0.793139696"
"Bee_Amellifera_hv15_1","45.05","97","88.5327345863096","0.0344789648046464","88.8377736719054","0.996566336"
"Bee_Amellifera_wild_1","44.46","179","175.891286099418","0.0991066615116531","176.837780879326","0.994647666"
