"Sample","FinalDepth","FinalDiversity","ExpectedFinalDiversity","FinalSlope","Asymptote","Cov"
"Flower_eDNA","1.443107","43","39.5298378647612","5.33522678090126","2074.22194100116","0.01905767"
"Bee_Bimpatiens_hv3_1","63.97375","96","90.5155675234061","0.167367693691114","101.905469907286","0.88823071"
"Bee_Bimpatiens_hv4_1","58.988182","63","62.7786554221398","0.104588954819895","68.7435866969842","0.91322927"
"Bee_Bimpatiens_hv4_2","54.955553","87","85.6750740716783","0.0162984507601135","86.0460695173688","0.99568841"
"Bee_Amellifera_hv13_1","1.104861","39","36.85200323998","6.63192442277643","3612.82633702296","0.01020033"
"Bee_Amellifera_hv13_2","56.836899","144","145.103313690568","0.578483249041971","180.374276602933","0.80445680"
"Bee_Amellifera_hv15_1","63.159968","97","90.0914748566647","0.101639056772847","96.6868525598033","0.93178620"
"Bee_Amellifera_wild_1","58.113227","179","178.818296798901","0.245400458129481","193.229097347789","0.92542117"
