"ID","AIC","BIC","B0","T0","Tm"
724,7.681627,6.119378,-0.0003759574,566.7974,30.39625
724,7.681627,6.119378,-0.000375957,566.798,30.39625
724,7.681627,6.119378,-0.0003759571,566.7978,30.39625
724,7.681627,6.119378,-0.0003759573,566.7976,30.39625
724,7.681627,6.119378,-0.0003759573,566.7975,30.39625
724,7.681627,6.119378,-0.0003759572,566.7977,30.39625
724,7.681627,6.119378,-0.0003759572,566.7976,30.39625
